Title,Summary,Date,Articles
Apple builds on 40 years in Singapore with expanded campus,"Today Apple announced new expansion in Singapore, with plans to invest over $250 million to grow its campus in Ang Mo Kio.",2 weeks ago,"Apple builds on 40 years in Singapore with expanded campus. Today Apple announced new expansion in Singapore, with plans to invest over $250 million to grow its campus in Ang Mo Kio."
Apple users urged to update devices after security flaw found,Apple users urged to update devices after security flaw found ... SINGAPORE – Apple users are advised to install the latest security updates for their devices to...,13 Jul 2023,Apple users urged to update devices after security flaw found. Apple users urged to update devices after security flaw found ... SINGAPORE – Apple users are advised to install the latest security updates for their devices to...
Apple sales drop 5% in largest quarterly revenue decline since 2016,"Apple · missed expectations for revenue, profit, and sales for many of its lines of business on Thursday, sending the stock lower in extended trading. Apple's...",2 Feb 2023,"Apple sales drop 5% in largest quarterly revenue decline since 2016. Apple · missed expectations for revenue, profit, and sales for many of its lines of business on Thursday, sending the stock lower in extended trading. Apple's..."
18 Major Companies Tied to the Apple Supply Chain,"What Is Apple's Largest Supplier? One of the largest suppliers for Apple is Foxconn. This Taiwan-based company, also known as Hon Hai Precision Industry,...",25 Aug 2023,"18 Major Companies Tied to the Apple Supply Chain. What Is Apple's Largest Supplier? One of the largest suppliers for Apple is Foxconn. This Taiwan-based company, also known as Hon Hai Precision Industry,..."
Apple's manufacturing shift to India hits stumbling blocks,"Apple's manufacturing shift to India hits stumbling blocks ... Roula Khalaf, Editor of the FT, selects her favourite stories in this weekly newsletter. Apple is...",13 Feb 2023,"Apple's manufacturing shift to India hits stumbling blocks. Apple's manufacturing shift to India hits stumbling blocks ... Roula Khalaf, Editor of the FT, selects her favourite stories in this weekly newsletter. Apple is..."
"Apple picks Baidu’s Ernie Bot for its iPhone 16 in China, report says",Apple taps Baidu's Ernie Bot to provide AI services for its iPhone 16 in China as CEO Tim Cook tours country.,1 month ago,"Apple picks Baidu’s Ernie Bot for its iPhone 16 in China, report says. Apple taps Baidu's Ernie Bot to provide AI services for its iPhone 16 in China as CEO Tim Cook tours country."
"Apple builds on privacy commitment by unveiling new efforts on Data Privacy 
Day",Apple builds on privacy commitment by unveiling new education and awareness efforts on Data Privacy Day · Apple believes that every user should have clear...,25 Jan 2023,"Apple builds on privacy commitment by unveiling new efforts on Data Privacy 
Day. Apple builds on privacy commitment by unveiling new education and awareness efforts on Data Privacy Day · Apple believes that every user should have clear..."
"Apple to spend $340 million to renovate, expand Ang Mo Kio campus","Apple's main building (right) and its two acquired buildings, (left) AMK 2 and AMK 3 (blocked), in Ang Mo Kio Street 64. ST PHOTO: KEVIN LIM.",2 weeks ago,"Apple to spend $340 million to renovate, expand Ang Mo Kio campus. Apple's main building (right) and its two acquired buildings, (left) AMK 2 and AMK 3 (blocked), in Ang Mo Kio Street 64. ST PHOTO: KEVIN LIM."
